test_loss,test_accuracy,epoch,step
97.00060272216797,0.029994001612067223,3,19998
