test_loss,test_accuracy,epoch,step
2.9994001388549805,0.970005989074707,5,33330
