test_loss,test_accuracy,epoch,step
0.13513152301311493,0.970005989074707,5,33330
